<?xml version="1.0" encoding="UTF-8"?>
<ExtensionManifest Version="7.0"
    ExtensionBundleId="com.ultralayers.bundle"
    ExtensionBundleVersion="1.0.0"
    ExtensionBundleName="Ultra Layers">

    <ExtensionList>
        <Extension Id="com.ultralayers.panel"/>
    </ExtensionList>

    <ExecutionEnvironment>
        <HostList>
            <Host Name="AEFT" Version="[18.0,99.9]"/>
        </HostList>
        <LocaleList>
            <Locale Code="All"/>
        </LocaleList>
        <RequiredRuntimeList>
            <RequiredRuntime Name="CSXS" Version="6.0"/>
        </RequiredRuntimeList>
    </ExecutionEnvironment>

    <DispatchInfoList>
        <Extension Id="com.ultralayers.panel">
            <DispatchInfo>
                <Resources>
                    <MainPath>index.html</MainPath>
                    <ScriptPath>jsx/host.jsx</ScriptPath>
                </Resources>
                <Lifecycle>
                    <AutoVisible>true</AutoVisible>
                </Lifecycle>
                <UI>
                    <Type>Panel</Type>
                    <Menu>Ultra Layers</Menu>
                    <Geometry>
                        <Size>
                            <Width>400</Width>
                            <Height>500</Height>
                        </Size>
                    </Geometry>
                </UI>
            </DispatchInfo>
        </Extension>
    </DispatchInfoList>
</ExtensionManifest>
